-- ============================================================
-- TravelPortal 全量初始化数据脚本 (增强版 - 修正)
-- 特性：无 NULL 数据，每表 20+ 条，支持分页测试
-- 执行顺序：热词 → 地理 → 交通 → 打卡地 → 攻略 → 资讯 → 美食 → 文创 → 推荐
-- ============================================================

SET NAMES utf8mb4;
SET sql_mode = '';
USE TravelPortal_DB;

-- ============================================================
-- 1. 清空所有业务表（按依赖顺序）
-- ============================================================
TRUNCATE TABLE tp_recommendations;
TRUNCATE TABLE tp_creative_products;
TRUNCATE TABLE tp_foods;
TRUNCATE TABLE tp_scenic_spots;
TRUNCATE TABLE tp_travelogues;
TRUNCATE TABLE tp_news;
TRUNCATE TABLE tp_transports;
TRUNCATE TABLE tp_geo;
TRUNCATE TABLE tp_hot_words;

-- ============================================================
-- 2. 类别热词 (tp_hot_words)
-- ============================================================
INSERT INTO tp_hot_words (Name, Module, SortOrder, IsHidden, CreatedAt) VALUES
('烟台', 'home', 100, 0, NOW()), ('蓬莱阁', 'home', 99, 0, NOW()), ('泰山', 'home', 98, 0, NOW()), ('青岛', 'home', 97, 0, NOW()), ('自驾游', 'home', 96, 0, NOW()), ('亲子游', 'home', 95, 0, NOW()), ('长岛', 'home', 94, 0, NOW()), ('八大关', 'home', 93, 0, NOW()), ('趵突泉', 'home', 92, 0, NOW()), ('刘公岛', 'home', 91, 0, NOW()),
('古镇', 'place', 100, 0, NOW()), ('乡村', 'place', 99, 0, NOW()), ('红色基地', 'place', 98, 0, NOW()), ('康养小镇', 'place', 97, 0, NOW()), ('生态园', 'place', 96, 0, NOW()), ('渔家乐', 'place', 95, 0, NOW()), ('影视城', 'place', 94, 0, NOW()), ('滑雪场', 'place', 93, 0, NOW()), ('温泉', 'place', 92, 0, NOW()), ('湿地', 'place', 91, 0, NOW()),
('名胜古迹', 'scenic', 100, 0, NOW()), ('自然风光', 'scenic', 99, 0, NOW()), ('博物馆', 'scenic', 98, 0, NOW()), ('网红打卡', 'scenic', 97, 0, NOW()), ('游乐园', 'scenic', 96, 0, NOW()), ('森林公园', 'scenic', 95, 0, NOW()), ('地质奇观', 'scenic', 94, 0, NOW()), ('寺庙祈福', 'scenic', 93, 0, NOW()), ('历史街区', 'scenic', 92, 0, NOW()), ('夜景摄影', 'scenic', 91, 0, NOW()),
('深度游', 'travelogue', 100, 0, NOW()), ('周末游', 'travelogue', 99, 0, NOW()), ('自驾', 'travelogue', 98, 0, NOW()), ('徒步', 'travelogue', 97, 0, NOW()), ('亲子', 'travelogue', 96, 0, NOW()), ('摄影', 'travelogue', 95, 0, NOW()), ('美食探店', 'travelogue', 94, 0, NOW()), ('情侣出游', 'travelogue', 93, 0, NOW()), ('一个人旅行', 'travelogue', 92, 0, NOW()), ('穷游攻略', 'travelogue', 91, 0, NOW()),
('鲁菜', 'cuisine', 100, 0, NOW()), ('川菜', 'cuisine', 99, 0, NOW()), ('粤菜', 'cuisine', 98, 0, NOW()), ('苏菜', 'cuisine', 97, 0, NOW()), ('东北菜', 'cuisine', 96, 0, NOW()), ('海鲜', 'cuisine', 95, 0, NOW()), ('火锅', 'cuisine', 94, 0, NOW()), ('烧烤', 'cuisine', 93, 0, NOW()), ('小吃', 'cuisine', 92, 0, NOW()), ('西餐', 'cuisine', 91, 0, NOW());

-- ============================================================
-- 3. 地理数据 (tp_geo) - 22条
-- ============================================================
INSERT INTO tp_geo (Id, ParentId, Level, Nature, AncestorPath, GeoCode, GeoTag, BestTime, EnglishName, JurisdictionLayers, Title, FullTitle, SubTitle, Summary, Content, Slug, Tags, MainImage, PublishDate, Source, Author, OriginUrl, RedirectUrl, GeoId, CopyrightType, ShowWatermark, WatermarkPos, ShowNavStrip, Views, IsSticky, StickyAt, IsHome, IsHidden, SortOrder, CreatedAt, UpdatedAt) VALUES
(1, 0, 1, 'Domestic', '0', '100000', '中央政府', '一年四季', 'China', '省,直辖市,自治区', '中国', '中华人民共和国', '神州', '神州大地，锦绣中华。拥有五千年文明历史。', '<p>中国是一个拥有悠久历史和灿烂文化的文明古国。</p>', 'china', '文明古国,大美山河', 'https://images.unsplash.com/photo-1508804185872-d7badad00f7d?w=1200', NOW(), '官方发布', '管理员', '#', '#', 0, '原创', 0, 'Center', 1, 1000, 1, NOW(), 1, 0, 1, NOW(), NOW()),
(2, 1, 2, 'Domestic', '1', '370000', '省会济南', '一年四季', 'Shandong', '地级市,县级市', '山东', '山东省', '齐鲁大地', '好客山东，礼仪之邦。齐鲁大地的核心。', '<p>山东省位于中国东部沿海，是中华文明的重要发祥地。</p>', 'shandong', '孔孟之乡,礼仪之邦', 'https://images.unsplash.com/photo-1544391682-178c6a583bbd?w=1200', NOW(), '官方发布', '管理员', '#', '#', 0, '原创', 0, 'Center', 1, 800, 0, NULL, 1, 0, 2, NOW(), NOW()),
(3, 1, 2, 'Domestic', '1', '440000', '省会广州', '10月-次年3月', 'Guangdong', '地级市', '广东', '广东省', '南粤', '活力广东，现代前沿。岭南文化的发源地。', '<p>广东省是中国改革开放的排头兵。</p>', 'guangdong', '岭南文化,现代都市', 'https://images.unsplash.com/photo-1541849546-216549ae216d?w=1200', NOW(), '官方发布', '管理员', '#', '#', 0, '原创', 0, 'Center', 1, 700, 0, NULL, 1, 0, 3, NOW(), NOW()),
(4, 1, 2, 'Domestic', '1', '330000', '省会杭州', '春秋两季', 'Zhejiang', '地级市', '浙江', '浙江省', '之江', '诗画浙江，山水清远。江南水乡的代表。', '<p>浙江省地处长江三角洲南翼。</p>', 'zhejiang', '丝绸之路,鱼米之乡', 'https://images.unsplash.com/photo-1525640788966-69bdb028aa73?w=1200', NOW(), '官方发布', '管理员', '#', '#', 0, '原创', 0, 'Center', 1, 600, 0, NULL, 1, 0, 4, NOW(), NOW()),
(5, 1, 2, 'Domestic', '1', '510000', '省会成都', '3-6月, 9-11月', 'Sichuan', '地级市', '四川', '四川省', '天府之国', '天府之国，安逸四川。大熊猫的故乡。', '<p>四川省位于中国西南部，地貌多样。</p>', 'sichuan', '国宝故乡,麻辣美食', 'https://images.unsplash.com/photo-1527685238219-c81b3dd33021?w=1200', NOW(), '官方发布', '管理员', '#', '#', 0, '原创', 0, 'Center', 1, 550, 0, NULL, 1, 0, 5, NOW(), NOW()),
(6, 1, 2, 'Domestic', '1', '320000', '省会南京', '春秋两季', 'Jiangsu', '地级市', '江苏', '江苏省', '吴韵汉风', '水韵江苏，美好江苏。吴韵汉风交融之地。', '<p>江苏省跨江滨海，湖泊众多。</p>', 'jiangsu', '园林艺术,文化名城', 'https://images.unsplash.com/photo-1540660290370-8af90a454417?w=1200', NOW(), '官方发布', '管理员', '#', '#', 0, '原创', 0, 'Center', 1, 500, 0, NULL, 1, 0, 6, NOW(), NOW()),
(7, 1, 2, 'Domestic', '1', '110000', '首都', '9-10月', 'Beijing', '市辖区', '北京', '北京市', '帝都', '千年古都，魅力北京。中国的政治文化中心。', '<p>北京作为中国的首都，融合了古老与现代。</p>', 'beijing', '皇城文化,现代地标', 'https://images.unsplash.com/photo-1508804185872-d7badad00f7d?w=1200', NOW(), '官方发布', '管理员', '#', '#', 0, '原创', 0, 'Center', 1, 2000, 1, NOW(), 1, 0, 7, NOW(), NOW()),
(8, 1, 2, 'Domestic', '1', '310000', '直辖市', '春秋两季', 'Shanghai', '市辖区', '上海', '上海市', '魔都', '东方明珠，魔力上海。国际化大都市。', '<p>上海是中国最大的城市之一，全球金融中心。</p>', 'shanghai', '外滩,时尚,金融', 'https://images.unsplash.com/photo-1474181487882-5abf3f0ba6c2?w=1200', NOW(), '官方发布', '管理员', '#', '#', 0, '原创', 0, 'Center', 1, 1500, 0, NULL, 1, 0, 8, NOW(), NOW()),
(9, 3, 3, 'Domestic', '1/3', '440300', '经济特区', '10-12月', 'Shenzhen', '市辖区', '深圳', '深圳市', '鹏城', '创新之都，先行示范区。科技感十足。', '<p>深圳是中国改革开放的象征。</p>', 'shenzhen', '科技,创业,摩天大楼', 'https://images.unsplash.com/photo-1523301343968-6a6ebf63c672?w=1200', NOW(), '官方发布', '管理员', '#', '#', 0, '原创', 0, 'Center', 1, 1200, 0, NULL, 1, 0, 9, NOW(), NOW()),
(10, 2, 3, 'Domestic', '1/2', '370600', '国家历史文化名城', '5-10月', 'Yantai', '市辖区,县级市', '烟台', '烟台市', '仙境海岸', '仙境海岸，品味烟台。中国最具幸福感城市。', '<p>烟台，地处山东半岛东部，是一座美丽的滨海城市。</p>', 'yantai', '海滨,仙境,鲁菜', 'https://images.unsplash.com/photo-1540660290370-8af90a454417?w=1200', NOW(), '官方发布', '管理员', '#', '#', 0, '原创', 0, 'Center', 1, 3000, 1, NOW(), 1, 0, 10, NOW(), NOW()),
(11, 2, 3, 'Domestic', '1/2', '370100', '省会', '9-10月', 'Jinan', '市辖区', '济南', '济南市', '泉城', '泉城济南，因泉而生，因泉而名。', '<p>济南拥有七十二名泉，是著名的旅游胜地。</p>', 'jinan', '泉文化,大明湖', 'https://images.unsplash.com/photo-1544391682-178c6a583bbd?w=1200', NOW(), '官方发布', '管理员', '#', '#', 0, '原创', 0, 'Center', 1, 1100, 0, NULL, 1, 0, 11, NOW(), NOW()),
(12, 2, 3, 'Domestic', '1/2', '370200', '计划单列市', '5-10月', 'Qingdao', '市辖区', '青岛', '青岛市', '红瓦绿树', '红瓦绿树，碧海蓝天。世界啤酒之城。', '<p>青岛是著名的滨海旅游度假城市。</p>', 'qingdao', '啤酒节,欧式建筑', 'https://images.unsplash.com/photo-1508804185872-d7badad00f7d?w=1200', NOW(), '官方发布', '管理员', '#', '#', 0, '原创', 0, 'Center', 1, 2500, 1, NOW(), 1, 0, 12, NOW(), NOW()),
(13, 2, 3, 'Domestic', '1/2', '371000', '地级市', '6-9月', 'Weihai', '市辖区', '威海', '威海市', '威海卫', '走遍四海，还是威海。最美的环海路。', '<p>威海是中国最干净的城市之一。</p>', 'weihai', '环海路,洁净海滩', 'https://images.unsplash.com/photo-1516245556?w=1200', NOW(), '官方发布', '管理员', '#', '#', 0, '原创', 0, 'Center', 1, 950, 0, NULL, 1, 0, 13, NOW(), NOW()),
(14, 2, 3, 'Domestic', '1/2', '370300', '地级市', '3-11月', 'Zibo', '市辖区', '淄博', '淄博市', '齐国故都', '烧烤出圈，齐文化发源地。', '<p>淄博是著名的工业城市 and 历史名城。</p>', 'zibo', '烧烤,齐文化', 'https://images.unsplash.com/photo-1519708227418-c8fd9a32b7a2?w=1200', NOW(), '官方发布', '管理员', '#', '#', 0, '原创', 0, 'Center', 1, 1800, 0, NULL, 1, 0, 14, NOW(), NOW()),
(15, 2, 3, 'Domestic', '1/2', '370900', '地级市', '一年四季', 'Taian', '市辖区', '泰安', '泰安市', '泰山之巅', '五岳之首，中华泰山。', '<p>泰安因泰山而得名，泰山安则四海安。</p>', 'taian', '泰山,封禅', 'https://images.unsplash.com/photo-1544391682-178c6a583bbd?w=1200', NOW(), '官方发布', '管理员', '#', '#', 0, '原创', 0, 'Center', 1, 1400, 0, NULL, 1, 0, 15, NOW(), NOW()),
(16, 2, 3, 'Domestic', '1/2', '371100', '地级市', '6-10月', 'Rizhao', '市辖区', '日照', '日照市', '东方太阳城', '日出初光先照。蓝天碧海金沙滩。', '<p>日照是一座美丽的海滨城市。</p>', 'rizhao', '金沙滩,日出', 'https://images.unsplash.com/photo-1519708227418-c8fd9a32b7a2?w=1200', NOW(), '官方发布', '管理员', '#', '#', 0, '原创', 0, 'Center', 1, 600, 0, NULL, 1, 0, 16, NOW(), NOW()),
(17, 2, 3, 'Domestic', '1/2', '371300', '地级市', '3-10月', 'Linyi', '市辖区', '临沂', '临沂市', '琅琊', '物流之都，大美临沂。琅琊文化发祥地。', '<p>临沂是山东省面积最大、人口最多的地级市。</p>', 'linyi', '书法,物流', 'https://images.unsplash.com/photo-1541849546-216549ae216d?w=1200', NOW(), '官方发布', '管理员', '#', '#', 0, '原创', 0, 'Center', 1, 580, 0, NULL, 1, 0, 17, NOW(), NOW()),
(18, 4, 3, 'Domestic', '1/4', '330100', '省会', '3-5月, 9-11月', 'Hangzhou', '市辖区', '杭州', '杭州市', '人间天堂', '上有天堂，下有苏杭。电商之都。', '<p>杭州以西湖美景和互联网产业闻名。</p>', 'hangzhou', '西湖,阿里,丝绸', 'https://images.unsplash.com/photo-1525640788966-69bdb028aa73?w=1200', NOW(), '官方发布', '管理员', '#', '#', 0, '原创', 0, 'Center', 1, 2200, 1, NOW(), 1, 0, 18, NOW(), NOW()),
(19, 5, 3, 'Domestic', '1/5', '510100', '省会', '3-6月, 9-11月', 'Chengdu', '市辖区', '成都', '成都市', '蓉城', '一座来了就不想走的城市。慢生活代表。', '<p>成都是大熊猫基地所在地，美食天堂。</p>', 'chengdu', '大熊猫,火锅,宽窄巷子', 'https://images.unsplash.com/photo-1527685238219-c81b3dd33021?w=1200', NOW(), '官方发布', '管理员', '#', '#', 0, '原创', 0, 'Center', 1, 2100, 0, NULL, 1, 0, 19, NOW(), NOW()),
(20, 6, 3, 'Domestic', '1/6', '320100', '省会', '春秋两季', 'Nanjing', '市辖区', '南京', '南京市', '金陵', '六朝古都，十朝都会。钟山风雨。', '<p>南京拥有深厚的历史积淀和民国风情。</p>', 'nanjing', '中山陵,夫子庙', 'https://images.unsplash.com/photo-1540660290370-8af90a454417?w=1200', NOW(), '官方发布', '管理员', '#', '#', 0, '原创', 0, 'Center', 1, 1600, 0, NULL, 1, 0, 20, NOW(), NOW()),
(21, 6, 3, 'Domestic', '1/6', '320500', '地级市', '春秋两季', 'Suzhou', '市辖区', '苏州', '苏州市', '姑苏', '江南园林甲天下。东方威尼斯。', '<p>苏州以园林和水乡古镇著称。</p>', 'suzhou', '园林,昆曲,评弹', 'https://images.unsplash.com/photo-1525640788966-69bdb028aa73?w=1200', NOW(), '官方发布', '管理员', '#', '#', 0, '原创', 0, 'Center', 1, 1750, 0, NULL, 1, 0, 21, NOW(), NOW()),
(22, 3, 3, 'Domestic', '1/3', '440100', '省会', '10月-次年3月', 'Guangzhou', '市辖区', '广州', '广州市', '花城', '食在广州。千年商都。', '<p>广州是岭南文化的核心，中国南大门。</p>', 'guangzhou', '早茶,小蛮腰,广交会', 'https://images.unsplash.com/photo-1541849546-216549ae216d?w=1200', NOW(), '官方发布', '管理员', '#', '#', 0, '原创', 0, 'Center', 1, 1900, 0, NULL, 1, 0, 22, NOW(), NOW());

-- ============================================================
-- 4. 交通数据 (tp_transports) - 20条
-- ============================================================
INSERT INTO tp_transports (GeoId, TransportType, Address, ContactPhone, Title, Summary, Content, CreatedAt, UpdatedAt) VALUES
(10, 'Airport', '烟台市蓬莱区登州路', '0535-6299114', '烟台蓬莱国际机场', '胶东半岛核心民用机场', '国家一类航空口岸，提供多条国内外航线。', NOW(), NOW()),
(10, 'Railway', '烟台市芝罘区大马路', '12306', '烟台火车站', '百年老站，交通枢纽', '位于市中心，连接青烟威荣城际铁路。', NOW(), NOW()),
(11, 'Railway', '济南市天桥区站前街', '12306', '济南站', '百年德式建筑风格', '济南最重要的铁路客运站之一。', NOW(), NOW()),
(12, 'Airport', '青岛市胶州市胶东街道', '0532-96567', '青岛胶东国际机场', '4F级国际机场', '山东省首个4F级机场，东北亚重要航空枢纽。', NOW(), NOW()),
(12, 'Railway', '青岛市市南区泰安路', '12306', '青岛火车站', '红瓦绿树间的百年车站', '紧邻栈桥，中国最美火车站之一。', NOW(), NOW()),
(13, 'Railway', '威海市环翠区疏站路', '12306', '威海站', '滨海城市的交通门户', '集铁路、客运、公交于一体的枢纽。', NOW(), NOW()),
(7, 'Airport', '北京市顺义区', '010-96158', '北京首都国际机场', '中国第一国门', '全球最繁忙的机场之一。', NOW(), NOW()),
(7, 'Airport', '北京市大兴区', '010-96158', '北京大兴国际机场', '新世界七大奇迹之首', '独特的“凤凰展翅”造型。', NOW(), NOW()),
(8, 'Airport', '上海市浦东新区', '021-96990', '上海浦东国际机场', '全球货运第三大机场', '国际大型航空枢纽。', NOW(), NOW()),
(8, 'Railway', '上海市闵行区', '12306', '上海虹桥站', '现代化综合交通枢纽', '连接高铁、航空、地铁。', NOW(), NOW()),
(9, 'Airport', '深圳市宝安区', '0755-23456789', '深圳宝安国际机场', '最美航站楼', '位于珠江口东岸。', NOW(), NOW()),
(18, 'Railway', '杭州市上城区', '12306', '杭州东站', '亚洲最大枢纽之一', '现代化的流线型设计。', NOW(), NOW()),
(19, 'Airport', '成都市双流区', '028-85205555', '成都双流国际机场', '西南最忙碌的机场', '拥有双跑道。', NOW(), NOW()),
(19, 'Railway', '成都市成华区', '12306', '成都东站', '西南最大火车站', '融入古蜀文化元素。', NOW(), NOW()),
(20, 'Railway', '南京市玄武区', '12306', '南京站', '山水城林的窗口', '紧邻玄武湖。', NOW(), NOW()),
(22, 'Airport', '广州市白云区', '020-96158', '广州白云国际机场', '南中国国际枢纽', '连续多年客运量全国第一。', NOW(), NOW()),
(21, 'Railway', '苏州市姑苏区', '12306', '苏州站', '粉墙黛瓦的园林风车站', '外观极具苏州传统建筑特色。', NOW(), NOW()),
(15, 'Railway', '泰安市龙潭路', '12306', '泰山站', '登泰山的起点', '历史悠久。', NOW(), NOW()),
(14, 'Railway', '淄博市张店区', '12306', '淄博站', '齐文化艺术长廊', '齐鲁铁路的重要节点。', NOW(), NOW()),
(1, 'Railway', '上海市静安区', '12306', '上海站', '老上海的记忆', '位于市中心。', NOW(), NOW());

-- ============================================================
-- 5. 打卡地数据 (tp_scenic_spots) - 20条
-- ============================================================
INSERT INTO tp_scenic_spots (Id, Title, FullTitle, SubTitle, Classification, FameLevel, ScenicGrade, Summary, Content, Tags, MainImage, GeoId, Author, IsSticky, IsHome, IsHidden, ShowWatermark, Views, SortOrder, CreatedAt, UpdatedAt) VALUES
(1, '蓬莱阁', '蓬莱阁景区', '人间仙境', '名胜古迹', '知名景区', 'AAAAA级', '中国四大名楼之一，八仙过海传说发源地。', '<p>蓬莱阁始建于北宋，是国家5A级旅游景区。</p>', '名楼,海景,古建筑', 'https://images.unsplash.com/photo-1527685238219-c81b3dd33021?w=800', 10, '旅游局', 1, 1, 0, 0, 5600, 100, NOW(), NOW()),
(2, '烟台山', '烟台山公园', '烟台象征', '网红打卡', '热门景点', 'AAA级', '近代史上领事馆聚集地，异域风情十足。', '<p>烟台山公园三面环海，山上有近代领事馆群。</p>', '灯塔,开埠文化', 'https://images.unsplash.com/photo-1540660290370-8af90a454417?w=800', 10, '旅游局', 0, 1, 0, 0, 3200, 99, NOW(), NOW()),
(3, '崂山', '青岛崂山风景区', '海上第一名山', '自然风光', '知名景区', 'AAAAA级', '海上第一名山，道教圣地。', '<p>崂山是中国海岸线上的最高峰。</p>', '道教,登山,海景', 'https://images.unsplash.com/photo-1508804185872-d7badad00f7d?w=800', 12, '旅游局', 0, 1, 0, 0, 4800, 98, NOW(), NOW()),
(4, '泰山', '泰山风景名胜区', '五岳之首', '名胜古迹', '知名景区', 'AAAAA级', '中华民族的精神象征。', '<p>泰山贯穿山东中部，自古帝王封禅之地。</p>', '日出,封禅,世界遗产', 'https://images.unsplash.com/photo-1544391682-178c6a583bbd?w=800', 11, '旅游局', 1, 1, 0, 0, 9800, 100, NOW(), NOW()),
(5, '大明湖', '济南大明湖景区', '泉城明珠', '自然风光', '热门景点', 'AAAA级', '济南三大名胜之一。', '<p>大明湖由众多泉水汇流而成。</p>', '荷花,湖泊,泉文化', 'https://images.unsplash.com/photo-1519708227418-c8fd9a32b7a2?w=800', 11, '旅游局', 0, 0, 0, 0, 2100, 95, NOW(), NOW()),
(6, '八大关', '青岛八大关', '万国建筑博物馆', '历史街区', '知名景区', 'AAAA级', '融合了俄、英、法、德等20多国建筑风格。', '<p>八大关以关隘命名的街道著称，风景秀丽。</p>', '建筑,摄影,散步', 'https://images.unsplash.com/photo-1540660290370-8af90a454417?w=800', 12, '旅游局', 1, 1, 0, 0, 4500, 94, NOW(), NOW()),
(7, '刘公岛', '威海刘公岛', '海上森林公园', '红色基地', '知名景区', 'AAAAA级', '甲午战争纪念地，国家爱国主义教育基地。', '<p>刘公岛素有“东隅屏藩”之称。</p>', '红色旅游,甲午海战', 'https://images.unsplash.com/photo-1516245556?w=800', 13, '旅游局', 0, 1, 0, 0, 3800, 93, NOW(), NOW()),
(8, '故宫', '北京故宫博物院', '紫禁城', '博物馆', '知名景区', 'AAAAA级', '世界上规模最大、保存最完整的木质结构古建筑之一。', '<p>故宫是中国明清两代的皇家宫殿。</p>', '皇宫,历史,世界遗产', 'https://images.unsplash.com/photo-1508804185872-d7badad00f7d?w=800', 7, '旅游局', 1, 1, 0, 0, 15000, 100, NOW(), NOW()),
(9, '外滩', '上海滩', '十里洋场', '城市地标', '知名景区', 'AAAA级', '上海的城市名片，百年开埠缩影。', '<p>外滩矗立着52幢风格迥异的古典复兴大楼。</p>', '夜景,外滩,黄浦江', 'https://images.unsplash.com/photo-1474181487882-5abf3f0ba6c2?w=800', 8, '旅游局', 1, 1, 0, 0, 12000, 99, NOW(), NOW()),
(10, '西湖', '杭州西湖风景区', '人间天堂', '自然风光', '知名景区', 'AAAAA级', '三面环山，一水抱城。', '<p>西湖十景闻名天下。</p>', '断桥,断桥残雪,雷峰塔', 'https://images.unsplash.com/photo-1525640788966-69bdb028aa73?w=800', 18, '旅游局', 1, 1, 0, 0, 8800, 100, NOW(), NOW()),
(11, '成都大熊猫繁育研究基地', '熊猫基地', '国宝故乡', '游乐园', '知名景区', 'AAAA级', '全球知名的大熊猫迁地保护基地。', '<p>这里可以看到各种年龄段的大熊猫。</p>', '熊猫,亲子,科普', 'https://images.unsplash.com/photo-1527685238219-c81b3dd33021?w=800', 19, '旅游局', 0, 1, 0, 0, 7500, 97, NOW(), NOW()),
(12, '夫子庙', '南京夫子庙-秦淮风光带', '十里秦淮', '历史街区', '知名景区', 'AAAAA级', '金陵古都的缩影，文德桥下秦淮水。', '<p>夫子庙是中国四大文庙之一。</p>', '秦淮河,文化,夜景', 'https://images.unsplash.com/photo-1540660290370-8af90a454417?w=800', 20, '旅游局', 0, 1, 0, 0, 6200, 96, NOW(), NOW()),
(13, '拙政园', '苏州拙政园', '中国四大园林之首', '名胜古迹', '知名景区', 'AAAAA级', '江南古典园林的代表作。', '<p>以水为中心，布局精巧。</p>', '园林,苏式建筑', 'https://images.unsplash.com/photo-1525640788966-69bdb028aa73?w=800', 21, '旅游局', 1, 1, 0, 0, 5400, 95, NOW(), NOW()),
(14, '广州塔', '小蛮腰', '广州地标', '城市地标', '热门景点', 'AAAA级', '中国第一高塔，俯瞰珠江美景。', '<p>广州塔塔身纤细，绰号“小蛮腰”。</p>', '地标,夜景,摩天大楼', 'https://images.unsplash.com/photo-1541849546-216549ae216d?w=800', 22, '旅游局', 1, 1, 0, 0, 6900, 94, NOW(), NOW()),
(15, '周村古商城', '齐鲁第一古商街', '旱码头', '历史街区', '热门景点', 'AAAA级', '明清古建筑保存完整，被誉为“中国活着的古商业街”。', '<p>周村古商城历史悠久。</p>', '古迹,商业,齐文化', 'https://images.unsplash.com/photo-1519708227418-c8fd9a32b7a2?w=800', 14, '旅游局', 0, 0, 0, 0, 1800, 90, NOW(), NOW()),
(16, '台儿庄古城', '台儿庄', '中华古水城', '历史街区', '知名景区', 'AAAAA级', '运河遗迹，二战名城。', '<p>台儿庄古城是中国规模最大的古城之一。</p>', '运河,红色,古城', 'https://images.unsplash.com/photo-1544391682-178c6a583bbd?w=800', 2, '旅游局', 0, 1, 0, 0, 4200, 89, NOW(), NOW()),
(17, '趵突泉', '趵突泉公园', '天下第一泉', '自然风光', '知名景区', 'AAAAA级', '济南七十二名泉之首。', '<p>趵突腾空是济南八景之一。</p>', '泉水,园林', 'https://images.unsplash.com/photo-1519708227418-c8fd9a32b7a2?w=800', 11, '旅游局', 1, 1, 0, 0, 5100, 88, NOW(), NOW()),
(18, '栈桥', '青岛栈桥', '琴岛之巅', '城市地标', '热门景点', 'AAA级', '青岛的象征，深入大海。', '<p>栈桥全长440米。</p>', '海景,地标', 'https://images.unsplash.com/photo-1508804185872-d7badad00f7d?w=800', 12, '旅游局', 0, 1, 0, 0, 3300, 87, NOW(), NOW()),
(19, '环海路', '威海环海路', '最美滨海路', '自然风光', '网红打卡', '无', '一边是大海，一边是山峦。', '<p>威海环海路是自驾摄影的最佳路线。</p>', '自驾,摄影', 'https://images.unsplash.com/photo-1516245556?w=800', 13, '旅游局', 0, 1, 0, 0, 2900, 86, NOW(), NOW()),
(20, '长岛', '烟台长岛', '海上仙山', '自然风光', '知名景区', 'AAAA级', '由32个岛屿组成，被誉为“海上仙山”。', '<p>长岛风景名胜区包含九丈崖、月牙湾等。</p>', '海岛,风景', 'https://images.unsplash.com/photo-1540660290370-8af90a454417?w=800', 10, '旅游局', 0, 1, 0, 0, 3100, 85, NOW(), NOW());

-- ============================================================
-- 6. 纪行攻略数据 (tp_travelogues) - 20条
-- ============================================================
INSERT INTO tp_travelogues (Id, Title, Classification, SubTitle, Summary, Content, Tags, MainImage, GeoId, Author, Source, CopyrightType, IsSticky, IsHome, IsHidden, ShowWatermark, Views, SortOrder, CreatedAt, UpdatedAt) VALUES
(1, '烟台长岛三日游，遇见最美海岸线', '纪行', '海岛之旅', '走进烟台长岛，感受仙山海岛的魅力。', '<p>第一天：从烟台港乘船前往长岛...</p>', '海岛,自驾,深度游', 'https://images.unsplash.com/photo-1540660290370-8af90a454417?w=800', 10, '徐霞客', '原创', '原创版权', 1, 1, 0, 0, 5600, 100, NOW(), NOW()),
(2, '蓬莱阁攻略：寻访八仙过海的传说', 'guide', '寻仙问药', '蓬莱阁作为中国四大名楼之一，历史悠久。', '<p>蓬莱阁景区游玩路线全解析。</p>', '攻略,古建筑,名胜', 'https://images.unsplash.com/photo-1527685238219-c81b3dd33021?w=800', 10, '旅游达人', '原创', '原创版权', 0, 1, 0, 0, 890, 99, NOW(), NOW()),
(3, '威海环海路自驾记', '纪行', '最美公路', '随手一拍都是大片。', '<p>从威海市区出发，沿着环海路一路向东。</p>', '自驾,海景,摄影', 'https://images.unsplash.com/photo-1516245556?w=800', 13, '老司机', '原创', '原创版权', 1, 0, 0, 0, 2300, 98, NOW(), NOW()),
(4, '青岛八大关秋色', '纪行', '异国情调', '感受欧式风情的浪漫。', '<p>八大关的秋天是青岛最有味道的时候。</p>', '秋季,建筑,浪漫', 'https://images.unsplash.com/photo-1540660290370-8af90a454417?w=800', 12, '摄影师', '原创', '原创版权', 0, 1, 0, 0, 1560, 97, NOW(), NOW()),
(5, '泰山日出观赏指南', 'guide', '巅峰时刻', '不看日出枉上泰山。', '<p>泰山日出观赏时间表及地点推荐。</p>', '泰山,日出,登山', 'https://images.unsplash.com/photo-1544391682-178c6a583bbd?w=800', 11, '爬山王', '原创', '原创版权', 1, 1, 0, 0, 3400, 96, NOW(), NOW()),
(6, '杭州西湖环湖徒步攻略', 'guide', '步履天堂', '西湖最全徒步路线，带你看不一样的风景。', '<p>从断桥出发，绕湖一周约10公里。</p>', '徒步,西湖,户外', 'https://images.unsplash.com/photo-1525640788966-69bdb028aa73?w=800', 18, '徒步者', '原创', '原创版权', 0, 1, 0, 0, 1200, 95, NOW(), NOW()),
(7, '成都美食地图：三天吃遍锦里宽窄', 'guide', '味蕾盛宴', '麻辣鲜香，这是成都的味道。', '<p>第一站：陈麻婆豆腐...</p>', '成都,美食,攻略', 'https://images.unsplash.com/photo-1527685238219-c81b3dd33021?w=800', 19, '美食家', '原创', '原创版权', 0, 1, 0, 0, 2800, 94, NOW(), NOW()),
(8, '北京故宫半日深度游', 'guide', '皇家足迹', '避开人流，高效游故宫。', '<p>建议从中轴线两侧的东六宫开始。</p>', '故宫,历史,北京', 'https://images.unsplash.com/photo-1508804185872-d7badad00f7d?w=800', 7, '历史迷', '原创', '原创版权', 0, 1, 0, 0, 4100, 93, NOW(), NOW()),
(9, '上海武康路漫步记', '纪行', '老上海风情', '梧桐树下的洋房记忆。', '<p>武康大楼是必去打卡点。</p>', '上海,街拍,历史建筑', 'https://images.unsplash.com/photo-1474181487882-5abf3f0ba6c2?w=800', 8, '城市漫游者', '原创', '原创版权', 0, 0, 0, 0, 950, 92, NOW(), NOW()),
(10, '苏州平江路：寻觅姑苏慢生活', '纪行', '水乡情怀', '撑一把油纸伞，走在青石板路上。', '<p>平江路是苏州保存最完整的古街。</p>', '苏州,古街,慢生活', 'https://images.unsplash.com/photo-1525640788966-69bdb028aa73?w=800', 21, '小资青年', '原创', '原创版权', 0, 1, 0, 0, 1100, 91, NOW(), NOW()),
(11, '南京明孝陵石象路秋景', '纪行', '最美600米', '金秋时节，神道色彩斑斓。', '<p>石象路是明孝陵最著名的地段。</p>', '南京,秋天,古迹', 'https://images.unsplash.com/photo-1540660290370-8af90a454417?w=800', 20, '摄影爱好者', '原创', '原创版权', 0, 1, 0, 0, 1300, 90, NOW(), NOW()),
(12, '广州早茶红黑榜', 'guide', '叹茶时光', '一盅两件，哪家最正宗？', '<p>白天鹅宾馆、广州酒家大测评。</p>', '广州,美食,早茶', 'https://images.unsplash.com/photo-1541849546-216549ae216d?w=800', 22, '吃货团', '原创', '原创版权', 0, 0, 0, 0, 2500, 89, NOW(), NOW()),
(13, '深圳人才公园夜景拍摄指南', 'guide', '极客城市', '春笋下，看灯光秀的最佳角度。', '<p>建议在晚上7点到达湖边。</p>', '深圳,夜景,摄影', 'https://images.unsplash.com/photo-1523301343968-6a6ebf63c672?w=800', 9, '极客', '原创', '原创版权', 0, 0, 0, 0, 800, 88, NOW(), NOW()),
(14, '济南趵突泉赏泉记', '纪行', '天下第一', '三股泉水腾空而起。', '<p>老舍笔下的济南春天。</p>', '济南,泉水,散文', 'https://images.unsplash.com/photo-1519708227418-c8fd9a32b7a2?w=800', 11, '文学青年', '原创', '原创版权', 0, 0, 0, 0, 750, 87, NOW(), NOW()),
(15, '威海那香海：不出国门看马尔代夫', '纪行', '蓝冰沙滩', '这里有最干净的海和最美的落日。', '<p>那香海的沙子很细。</p>', '威海,海滩,度假', 'https://images.unsplash.com/photo-1516245556?w=800', 13, '旅游小姐', '原创', '原创版权', 0, 1, 0, 0, 2200, 86, NOW(), NOW()),
(16, '淄博烧烤特种兵式打卡', '纪行', '进淄赶烤', '为了这一口卷饼，我坐了十小时高铁。', '<p>牧羊村、八大局全体验。</p>', '淄博,烧烤,特种兵旅行', 'https://images.unsplash.com/photo-1519708227418-c8fd9a32b7a2?w=800', 14, '特种兵', '原创', '原创版权', 0, 1, 0, 0, 4800, 85, NOW(), NOW()),
(17, '日照万平口赶海记', '纪行', '大海的馈赠', '带上小铲子，出发！', '<p>退潮时分，是赶海的最好时机。</p>', '日照,赶海,亲子', 'https://images.unsplash.com/photo-1519708227418-c8fd9a32b7a2?w=800', 16, '宝妈', '原创', '原创版权', 0, 0, 0, 0, 600, 84, NOW(), NOW()),
(18, '临沂蒙山健身挑战', '纪行', '天然氧吧', '挑战九龙潭，呼吸新鲜空气。', '<p>蒙山是山东第二高峰。</p>', '临沂,登山,健康', 'https://images.unsplash.com/photo-1541849546-216549ae216d?w=800', 17, '运动健将', '原创', '原创版权', 0, 0, 0, 0, 400, 83, NOW(), NOW()),
(19, '烟台海昌渔人码头拍照点', 'guide', '北欧风情', '不用去欧洲，也能拍出大片。', '<p>钟楼是最佳背景。</p>', '烟台,街拍,穿搭', 'https://images.unsplash.com/photo-1540660290370-8af90a454417?w=800', 10, '网红小王', '原创', '原创版权', 0, 1, 0, 0, 1800, 82, NOW(), NOW()),
(20, '泰安地下大裂谷探秘', '纪行', '奇幻地心', '喀斯特溶洞漂流。', '<p>泰安大裂谷内部非常壮观。</p>', '泰安,探险,溶洞', 'https://images.unsplash.com/photo-1544391682-178c6a583bbd?w=800', 15, '探险家', '原创', '原创版权', 0, 0, 0, 0, 550, 81, NOW(), NOW());

-- ============================================================
-- 7. 行业资讯数据 (tp_news) - 20条
-- ============================================================
INSERT INTO tp_news (Id, Title, NewsCategory, SubTitle, Author, Source, Summary, Content, Tags, MainImage, IsSticky, IsHome, IsHidden, ShowWatermark, Views, SortOrder, CreatedAt, UpdatedAt) VALUES
(1, '2024年全球旅游 market 复苏报告', '市场分析', '复苏之光', '张智库', '环球旅讯', '全球旅游已恢复至96%。', '<p>详细报告内容...</p>', '行业趋势,复苏', 'https://images.unsplash.com/photo-1540660290370-8af90a454417?w=800', 1, 0, 0, 0, 1250, 100, NOW(), NOW()),
(2, '数字化转型成为文旅新引擎', '行业动态', '科技赋能', '李技术', '中国旅游报', '大数据重构文旅场景。', '<p>科技如何改变旅行...</p>', '数字化,人工智能', 'https://images.unsplash.com/photo-1544391682-178c6a583bbd?w=800', 0, 0, 0, 0, 890, 99, NOW(), NOW()),
(3, '最新民宿管理条例正式实施', '政策解读', '行业规范', '王法务', '政府公报', '规范民宿市场秩序。', '<p>条例内容解读...</p>', '政策,民宿', 'https://images.unsplash.com/photo-1508804185872-d7badad00f7d?w=800', 1, 0, 0, 0, 2100, 98, NOW(), NOW()),
(4, '滨海旅游博览会在烟台开幕', '展会信息', '仙境盛会', '陈记者', '齐鲁晚报', '30多个国家机构参展。', '<p>博览会现场直击...</p>', '博览会,烟台', 'https://images.unsplash.com/photo-1527685238219-c81b3dd33021?w=800', 0, 0, 0, 0, 1560, 97, NOW(), NOW()),
(5, '露营经济：从爆红走向长红', '市场分析', '户外热潮', '周调研', '南方都市报', '露营行业进入洗牌期。', '<p>户外市场深度调研...</p>', '露营,户外', 'https://images.unsplash.com/photo-1519708227418-c8fd9a32b7a2?w=800', 0, 0, 0, 0, 740, 96, NOW(), NOW()),
(6, '免签政策利好入境游爆发', '政策解读', '开放合作', '赵专家', '新华社', '多国游客搜索量剧增。', '<p>免签政策的影响...</p>', '入境游,免签', 'https://images.unsplash.com/photo-1508804185872-d7badad00f7d?w=800', 1, 1, 0, 0, 3200, 95, NOW(), NOW()),
(7, '低空经济助推文旅新玩法', '行业动态', '飞行之旅', '刘科技', '科技日报', '直升机观光成为新热点。', '<p>低空文旅现状分析...</p>', '低空经济,飞行游', 'https://images.unsplash.com/photo-1523301343968-6a6ebf63c672?w=800', 0, 1, 0, 0, 1100, 94, NOW(), NOW()),
(8, '研学旅行市场乱象整治', '行业动态', '教育回归', '郭老师', '教育报', '规范研学课程设置。', '<p>研学乱象治理...</p>', '研学,教育', 'https://images.unsplash.com/photo-1540660290370-8af90a454417?w=800', 0, 0, 0, 0, 920, 93, NOW(), NOW()),
(9, '智慧景区建设标准发布', '政策解读', '智慧赋能', '标准化部', '工信部', '提升景区管理水平。', '<p>标准明细...</p>', '智慧景区,标准', 'https://images.unsplash.com/photo-1525640788966-69bdb028aa73?w=800', 0, 0, 0, 0, 650, 92, NOW(), NOW()),
(10, '非遗进景区成为常态', '行业动态', '文化自信', '传承人', '文汇报', '让传统文化活起来。', '<p>非遗表演现场...</p>', '非遗,景区', 'https://images.unsplash.com/photo-1544391682-178c6a583bbd?w=800', 0, 1, 0, 0, 1800, 91, NOW(), NOW()),
(11, '大模型赋能导游服务', '行业动态', 'AI导游', '吴总', '互联网周刊', '智能语音讲解新体验。', '<p>AI导游的应用...</p>', '大模型,人工智能', 'https://images.unsplash.com/photo-1527685238219-c81b3dd33021?w=800', 0, 0, 0, 0, 880, 90, NOW(), NOW()),
(12, '避暑游拉动夏日消费', '市场分析', '清凉经济', '李调查', '消费报', '北方滨海城市热度高。', '<p>夏日游市场分析...</p>', '避暑,夏季旅游', 'https://images.unsplash.com/photo-1516245556?w=800', 0, 0, 0, 0, 1400, 89, NOW(), NOW()),
(13, '乡村旅游重点村名单公示', '政策解读', '振兴乡村', '农业部', '官方发布', '带动农村经济发展。', '<p>公示名单...</p>', '乡村振兴,旅游', 'https://images.unsplash.com/photo-1519708227418-c8fd9a32b7a2?w=800', 0, 0, 0, 0, 520, 88, NOW(), NOW()),
(14, '自驾租车市场爆发式增长', '市场分析', '自由出行', '租车协会', '行业报', '越野车型最受欢迎。', '<p>租车市场现状...</p>', '租车,自驾', 'https://images.unsplash.com/photo-1508804185872-d7badad00f7d?w=800', 0, 0, 0, 0, 1100, 87, NOW(), NOW()),
(15, '红色旅游热度持续走高', '行业动态', '薪火相传', '党史部', '人民网', '年轻人成为主要客群。', '<p>红色研学热...</p>', '红色旅游,青年', 'https://images.unsplash.com/photo-1541849546-216549ae216d?w=800', 0, 0, 0, 0, 1300, 86, NOW(), NOW()),
(16, '康养旅游基地建设提速', '行业动态', '健康生活', '卫健委', '健康报', '满足银发群体需求。', '<p>康养基地标准...</p>', '康养,银发经济', 'https://images.unsplash.com/photo-1525640788966-69bdb028aa73?w=800', 0, 0, 0, 0, 750, 85, NOW(), NOW()),
(17, '文博研学产品创新大赛结果', '展会信息', '创意文博', '组委会', '中国文化报', '多款数字化产品获奖。', '<p>获奖名单...</p>', '文博,大赛', 'https://images.unsplash.com/photo-1508804185872-d7badad00f7d?w=800', 0, 0, 0, 0, 430, 84, NOW(), NOW()),
(18, '冰雪旅游季拉开帷幕', '展会信息', '燃情冬奥', '滑雪场', '体坛周报', '首日接待游客破万。', '<p>滑雪季开始...</p>', '冰雪,滑雪', 'https://images.unsplash.com/photo-1544391682-178c6a583bbd?w=800', 0, 0, 0, 0, 1600, 83, NOW(), NOW()),
(19, '国家级夜间消费聚集区公示', '政策解读', '不夜城', '商务部', '官方发布', '提升城市夜经济活力。', '<p>公示详情...</p>', '夜经济,消费', 'https://images.unsplash.com/photo-1474181487882-5abf3f0ba6c2?w=800', 0, 0, 0, 0, 980, 82, NOW(), NOW()),
(20, '生态旅游发展规划发布', '政策解读', '绿水青山', '生态部', '官方发布', '走可持续发展之路。', '<p>规划主要内容...</p>', '生态,规划', 'https://images.unsplash.com/photo-1519708227418-c8fd9a32b7a2?w=800', 0, 0, 0, 0, 350, 81, NOW(), NOW());

-- ============================================================
-- 8. 特产美食数据 (tp_foods) - 20条
-- ============================================================
INSERT INTO tp_foods (Id, Title, FullTitle, SubTitle, ProductType, Classification, SpecialtyLevel, NonLegacyLevel, Summary, Content, Tags, MainImage, GeoId, Author, IsSticky, IsHome, IsHidden, ShowWatermark, Views, SortOrder, CreatedAt, UpdatedAt) VALUES
(1, '烟台鲅鱼饺子', '大馅鲅鱼饺子', '鲜味巅峰', '美食', '鲁菜', '特色名吃', '省级非遗', '个大肉厚，鲜嫩多汁。', '<p>鲅鱼饺子是烟台特色。</p>', '海鲜,水饺,非遗', 'https://images.unsplash.com/photo-1541849546-216549ae216d?w=800', 10, '美食家', 1, 1, 0, 0, 3500, 100, NOW(), NOW()),
(2, '龙口粉丝', '正宗龙口粉丝', '粉丝之王', '特产', '海鲜干货', '地理标志产品', '国家级非遗', '久煮不碎。', '<p>手工精制。</p>', '干货,非遗', 'https://images.unsplash.com/photo-1525640788966-69bdb028aa73?w=800', 10, '特产达人', 1, 1, 0, 0, 2800, 99, NOW(), NOW()),
(3, '蓬莱小面', '蓬莱海鲜小面', '早起第一碗', '美食', '鲁菜', '传统名吃', '市级非遗', '面条纤细，卤汁鲜美。', '<p>海鲜卤是灵魂。</p>', '面食,海鲜', 'https://images.unsplash.com/photo-1527685238219-c81b3dd33021?w=800', 10, '本地人', 0, 0, 0, 0, 1500, 98, NOW(), NOW()),
(4, '莱阳梨', '莱阳慈梨', '清甜多汁', '特产', '时令水果', '地理标志产品', '省级非遗', '皮薄肉细，入口即化。', '<p>莱阳梨很有名。</p>', '水果,滋补', 'https://images.unsplash.com/photo-1540660290370-8af90a454417?w=800', 10, '果农', 0, 0, 0, 0, 4200, 97, NOW(), NOW()),
(5, '麻婆豆腐', '正宗麻婆豆腐', '川菜精髓', '美食', '川菜', '经典名菜', '无', '麻辣烫香。', '<p>川菜代表。</p>', '麻辣,川菜', 'https://images.unsplash.com/photo-1544391682-178c6a583bbd?w=800', 19, '川厨', 0, 1, 0, 0, 5600, 96, NOW(), NOW()),
(6, '青岛啤酒', '青岛皮尔森', '中国名片', '特产', '美酒', '地理标志产品', '国家级非遗', '麦香浓郁，泡沫细腻。', '<p>百年啤酒品牌。</p>', '啤酒,青岛', 'https://images.unsplash.com/photo-1508804185872-d7badad00f7d?w=800', 12, '酿酒师', 1, 1, 0, 0, 8000, 95, NOW(), NOW()),
(7, '德州扒鸡', '德州五香脱骨扒鸡', '中华第一鸡', '特产', '禽类', '中华老字号', '国家级非遗', '形色兼优，五香脱骨。', '<p>德州扒鸡历史悠久。</p>', '扒鸡,德州,老字号', 'https://images.unsplash.com/photo-1544391682-178c6a583bbd?w=800', 2, '刘老板', 1, 1, 0, 0, 5200, 94, NOW(), NOW()),
(8, '周村烧饼', '周村酥性烧饼', '薄香酥脆', '特产', '面食', '中华老字号', '国家级非遗', '形如满月，薄如秋叶。', '<p>落地即碎。</p>', '烧饼,淄博', 'https://images.unsplash.com/photo-1519708227418-c8fd9a32b7a2?w=800', 14, '烧饼师傅', 0, 1, 0, 0, 3100, 93, NOW(), NOW()),
(9, '西湖龙井', '狮峰龙井', '绿茶之首', '特产', '名优茶茗', '地理标志产品', '国家级非遗', '色翠、香郁、味甘、形美。', '<p>顶级绿茶。</p>', '绿茶,杭州', 'https://images.unsplash.com/photo-1525640788966-69bdb028aa73?w=800', 18, '茶农', 1, 1, 0, 0, 6800, 92, NOW(), NOW()),
(10, '南京板鸭', '南京盐水鸭', '金陵美味', '美食', '淮扬菜', '传统名吃', '省级非遗', '肥而不腻，香鲜味美。', '<p>南京人的最爱。</p>', '鸭子,南京', 'https://images.unsplash.com/photo-1540660290370-8af90a454417?w=800', 20, '老食客', 0, 1, 0, 0, 4300, 91, NOW(), NOW()),
(11, '阳澄湖大闸蟹', '清水大闸蟹', '蟹中之王', '特产', '海鲜', '地理标志产品', '无', '金爪黄毛，肉质鲜甜。', '<p>秋季必吃。</p>', '螃蟹,苏州', 'https://images.unsplash.com/photo-1525640788966-69bdb028aa73?w=800', 21, '蟹农', 1, 1, 0, 0, 9500, 90, NOW(), NOW()),
(12, '广式月饼', '双黄白莲蓉月饼', '中秋佳品', '特产', '传统点心', '经典手艺', '国家级非遗', '皮薄馅丰，油润软滑。', '<p>广式经典。</p>', '月饼,广东', 'https://images.unsplash.com/photo-1541849546-216549ae216d?w=800', 3, '糕点师', 0, 1, 0, 0, 2100, 89, NOW(), NOW()),
(13, '北京烤鸭', '全聚德挂炉烤鸭', '天下第一膳', '美食', '京菜', '中华老字号', '国家级非遗', '色泽红艳，肉质细嫩。', '<p>皇家御膳。</p>', '烤鸭,北京', 'https://images.unsplash.com/photo-1508804185872-d7badad00f7d?w=800', 7, '大厨', 1, 1, 0, 0, 12000, 88, NOW(), NOW()),
(14, '生煎馒头', '小杨生煎', '魔都味道', '美食', '本帮菜', '特色小吃', '市级非遗', '皮酥肉香，汁水浓郁。', '<p>上海早餐。</p>', '生煎,上海', 'https://images.unsplash.com/photo-1474181487882-5abf3f0ba6c2?w=800', 8, '阿姨', 0, 0, 0, 0, 3600, 87, NOW(), NOW()),
(15, '威海大樱桃', '美早樱桃', '春果第一枝', '特产', '时令水果', '地理标志产品', '无', '个大肉厚，清甜爽口。', '<p>五月成熟。</p>', '樱桃,威海', 'https://images.unsplash.com/photo-1516245556?w=800', 13, '果农', 0, 1, 0, 0, 2900, 86, NOW(), NOW()),
(16, '临沂糁汤', '牛肉糁', '琅琊第一汤', '美食', '鲁菜', '传统名吃', '省级非遗', '热辣滚烫，唤醒清晨。', '<p>早餐极品。</p>', '糁汤,临沂', 'https://images.unsplash.com/photo-1541849546-216549ae216d?w=800', 17, '老师傅', 0, 0, 0, 0, 1200, 85, NOW(), NOW()),
(17, '日照绿茶', '雪青绿茶', '江北第一茶', '特产', '名优茶茗', '地理标志产品', '无', '汤青叶绿，栗香浓郁。', '<p>日照绿茶好。</p>', '绿茶,日照', 'https://images.unsplash.com/photo-1519708227418-c8fd9a32b7a2?w=800', 16, '茶农', 0, 0, 0, 0, 1800, 84, NOW(), NOW()),
(18, '泰山赤鳞鱼', '泰山螭霖鱼', '水中活化石', '特产', '海鲜', '名贵特产', '省级非遗', '泰山特有鱼类，肉质细嫩。', '<p>清代贡品。</p>', '鱼,泰山', 'https://images.unsplash.com/photo-1544391682-178c6a583bbd?w=800', 15, '垂钓者', 0, 0, 0, 0, 900, 83, NOW(), NOW()),
(19, '隆盛糕点', '清真隆盛月饼', '百年传承', '特产', '传统点心', '中华老字号', '省级非遗', '传统工艺，味道纯正。', '<p>青州名产。</p>', '点心,青州', 'https://images.unsplash.com/photo-1544391682-178c6a583bbd?w=800', 2, '回民', 0, 0, 0, 0, 850, 82, NOW(), NOW()),
(20, '金华火腿', '两头乌火腿', '中国火腿', '特产', '腌肉', '地理标志产品', '国家级非遗', '色香味形四绝。', '<p>金华火腿，鲜美无比。</p>', '火腿,浙江', 'https://images.unsplash.com/photo-1525640788966-69bdb028aa73?w=800', 4, '屠夫', 0, 0, 0, 0, 3100, 81, NOW(), NOW());

-- ============================================================
-- 9. 文创商品数据 (tp_creative_products) - 20条
-- ============================================================
INSERT INTO tp_creative_products (Id, Title, SubTitle, Classification, NonLegacyLevel, Summary, Content, Tags, MainImage, GeoId, Author, Source, IsSticky, IsHome, IsHidden, ShowWatermark, Views, SortOrder, CreatedAt, UpdatedAt) VALUES
(1, '手工苏绣屏风', '指尖艺术', '非遗传承', '国家级', '历时八个月打造。', '<p>苏绣之美...</p>', '非遗,苏绣', 'https://images.unsplash.com/photo-1540660290370-8af90a454417?w=800', 6, '陆绣娘', '苏绣工坊', 1, 1, 0, 0, 2500, 100, NOW(), NOW()),
(2, '故宫瑞兽镇纸', '皇城瑞气', '工艺礼品', '省级', '灵感取自故宫屋脊兽。', '<p>瑞兽镇纸...</p>', '文创,故宫', 'https://images.unsplash.com/photo-1544391682-178c6a583bbd?w=800', 7, '文创部', '故宫文创', 1, 1, 0, 0, 3200, 99, NOW(), NOW()),
(3, '兵马俑盲盒', '古今碰撞', '时尚潮玩', '市级', 'Q版形象。', '<p>盲盒系列...</p>', '盲盒,手办', 'https://images.unsplash.com/photo-1508804185872-d7badad00f7d?w=800', 5, '设计组', '秦陵文创', 0, 1, 0, 0, 5600, 98, NOW(), NOW()),
(4, '繁花似锦油纸伞', '江南烟雨', '非遗传承', '国家级', '天然楠竹骨架。', '<p>油纸伞...</p>', '非遗,古风', 'https://images.unsplash.com/photo-1525640788966-69bdb028aa73?w=800', 5, '毕老师', '泸州伞厂', 0, 0, 0, 0, 1200, 97, NOW(), NOW()),
(5, '手绘玲珑釉里红瓶', '传世瓷韵', '工艺礼品', '国家级', '晶莹剔透。', '<p>景德镇瓷...</p>', '陶瓷,景德镇', 'https://images.unsplash.com/photo-1519708227418-c8fd9a32b7a2?w=800', 6, '胡画师', '景德镇陶瓷厂', 0, 0, 0, 0, 2100, 96, NOW(), NOW()),
(6, '八仙过海木雕刻', '神话传说', '非遗传承', '市级', '蓬莱当地红木雕刻。', '<p>细节生动。</p>', '木雕,蓬莱', 'https://images.unsplash.com/photo-1527685238219-c81b3dd33021?w=800', 10, '木匠', '仙阁艺坊', 0, 1, 0, 0, 1500, 95, NOW(), NOW()),
(7, '西湖丝绸丝巾', '水韵江南', '时尚潮玩', '省级', '100%桑蚕丝。', '<p>杭州丝绸。</p>', '丝绸,杭州', 'https://images.unsplash.com/photo-1525640788966-69bdb028aa73?w=800', 18, '设计师', '万事利', 1, 1, 0, 0, 3300, 94, NOW(), NOW()),
(8, '成都宽窄巷子积木', '建筑缩影', '时尚潮玩', '无', '还原古建筑细节。', '<p>微缩景观。</p>', '积木,成都', 'https://images.unsplash.com/photo-1527685238219-c81b3dd33021?w=800', 19, '乐高大师', '创意中心', 0, 1, 0, 0, 2800, 93, NOW(), NOW()),
(9, '南京雨花石手串', '金陵灵石', '工艺礼品', '市级', '精选天然雨花石。', '<p>五彩斑斓。</p>', '雨花石,南京', 'https://images.unsplash.com/photo-1540660290370-8af90a454417?w=800', 20, '石匠', '夫子庙文创', 0, 0, 0, 0, 1100, 92, NOW(), NOW()),
(10, '烟台剪纸画框', '窗花艺术', '非遗传承', '国家级', '胶东特色剪纸。', '<p>喜庆吉祥。</p>', '剪纸,烟台', 'https://images.unsplash.com/photo-1540660290370-8af90a454417?w=800', 10, '王大妈', '非遗中心', 0, 1, 0, 0, 1400, 91, NOW(), NOW()),
(11, '泰山玉玺印章', '稳如泰山', '工艺礼品', '省级', '泰山玉精雕。', '<p>高端礼品。</p>', '玉雕,泰山', 'https://images.unsplash.com/photo-1544391682-178c6a583bbd?w=800', 15, '雕刻家', '泰山玉坊', 1, 0, 0, 0, 4500, 90, NOW(), NOW()),
(12, '杨家埠木版年画', '民间艺术', '非遗传承', '国家级', '手绘套色。', '<p>潍坊年画。</p>', '年画,潍坊', 'https://images.unsplash.com/photo-1519708227418-c8fd9a32b7a2?w=800', 2, '传承人', '潍坊艺苑', 0, 0, 0, 0, 1200, 89, NOW(), NOW()),
(13, '广州醒狮摆件', '步步高升', '非遗传承', '省级', '传统扎作。', '<p>狮舞岭南。</p>', '醒狮,广州', 'https://images.unsplash.com/photo-1541849546-216549ae216d?w=800', 22, '刘师傅', '岭南文创', 0, 1, 0, 0, 2600, 88, NOW(), NOW()),
(14, '皮影戏DIY套装', '光影传承', '非遗传承', '市级', '亲子互动。', '<p>皮影乐趣。</p>', '皮影,亲子', 'https://images.unsplash.com/photo-1508804185872-d7badad00f7d?w=800', 1, '艺术老师', '文化馆', 0, 0, 0, 0, 950, 87, NOW(), NOW()),
(15, '漆器首饰盒', '大漆艺术', '非遗传承', '国家级', '层层堆漆。', '<p>经久耐用。</p>', '漆器,艺术', 'https://images.unsplash.com/photo-1525640788966-69bdb028aa73?w=800', 1, '漆艺家', '漆文化中心', 0, 0, 0, 0, 2200, 86, NOW(), NOW()),
(16, '蓝印花布手提袋', '水韵靛青', '非遗传承', '省级', '植物染料。', '<p>自然淳铺。</p>', '染织,南通', 'https://images.unsplash.com/photo-1540660290370-8af90a454417?w=800', 6, '染坊', '南通蓝印', 0, 0, 0, 0, 1300, 85, NOW(), NOW()),
(17, '陶瓷茶具套装', '禅茶一味', '工艺礼品', '国家级', '手绘青花。', '<p>品茗佳器。</p>', '陶瓷,茶具', 'https://images.unsplash.com/photo-1519708227418-c8fd9a32b7a2?w=800', 1, '瓷艺师', '陶瓷城', 1, 1, 0, 0, 5100, 84, NOW(), NOW()),
(18, '宣纸扇面', '书画雅趣', '非遗传承', '国家级', '安徽宣纸。', '<p>文人墨客。</p>', '宣纸,笔墨', 'https://images.unsplash.com/photo-1508804185872-d7badad00f7d?w=800', 1, '造纸师', '宣城笔庄', 0, 0, 0, 0, 800, 83, NOW(), NOW()),
(19, '惠山泥人', '阿福', '童年记忆', '国家级', '无锡泥人。', '<p>憨态可掬。</p>', '泥人,无锡', 'https://images.unsplash.com/photo-1540660290370-8af90a454417?w=800', 6, '民间艺人', '惠山坊', 0, 0, 0, 0, 1600, 82, NOW(), NOW()),
(20, '真丝团扇', '夏日清风', '非遗传承', '省级', '双面绣。', '<p>扇动清风。</p>', '扇子,苏绣', 'https://images.unsplash.com/photo-1525640788966-69bdb028aa73?w=800', 6, '绣女', '苏扇阁', 0, 1, 0, 0, 2400, 81, NOW(), NOW());

-- ============================================================
-- 10. 首页推荐数据 (tp_recommendations) - 20条
-- ============================================================
INSERT INTO tp_recommendations (Title, ImageUrl, LinkUrl, ClickCount, IsPinned, SortOrder, CreatedAt, EndDate) VALUES
('爱在烟台，难以离开', 'https://images.unsplash.com/photo-1540660290370-8af90a454417?w=800', '/Places/Details?id=10', 3550, 1, 100, NOW(), '2099-12-31'),
('蓬莱阁：人间仙境', 'https://images.unsplash.com/photo-1527685238219-c81b3dd33021?w=800', '/ScenicSpots/Details?id=1', 2800, 1, 99, NOW(), '2099-12-31'),
('魅力青岛，啤酒之乡', 'https://images.unsplash.com/photo-1508804185872-d7badad00f7d?w=800', '/Places/Details?id=12', 4200, 0, 98, NOW(), '2099-12-31'),
('进淄赶烤，烧烤热潮', 'https://images.unsplash.com/photo-1519708227418-c8fd9a32b7a2?w=800', '/Foods/Details?id=8', 8900, 0, 97, NOW(), '2099-12-31'),
('西湖美景，断桥残雪', 'https://images.unsplash.com/photo-1525640788966-69bdb028aa73?w=800', '/ScenicSpots/Details?id=10', 5100, 0, 96, NOW(), '2099-12-31'),
('熊猫基地，萌翻全场', 'https://images.unsplash.com/photo-1527685238219-c81b3dd33021?w=800', '/ScenicSpots/Details?id=11', 7500, 0, 95, NOW(), '2099-12-31'),
('故宫探秘，皇家风范', 'https://images.unsplash.com/photo-1508804185872-d7badad00f7d?w=800', '/ScenicSpots/Details?id=8', 12000, 0, 94, NOW(), '2099-12-31'),
('外滩夜色，摩登上海', 'https://images.unsplash.com/photo-1474181487882-5abf3f0ba6c2?w=800', '/ScenicSpots/Details?id=9', 9800, 0, 93, NOW(), '2099-12-31'),
('广州早茶，舌尖美食', 'https://images.unsplash.com/photo-1541849546-216549ae216d?w=800', '/Foods/Details?id=12', 3400, 0, 92, NOW(), '2099-12-31'),
('泰山观日，五岳之首', 'https://images.unsplash.com/photo-1544391682-178c6a583bbd?w=800', '/ScenicSpots/Details?id=4', 8600, 0, 91, NOW(), '2099-12-31'),
('威海环海，浪漫之旅', 'https://images.unsplash.com/photo-1516245556?w=800', '/Places/Details?id=13', 2200, 0, 90, NOW(), '2099-12-31'),
('苏州园林，江南缩影', 'https://images.unsplash.com/photo-1525640788966-69bdb028aa73?w=800', '/ScenicSpots/Details?id=13', 4100, 0, 89, NOW(), '2099-12-31'),
('南京金陵，六朝风华', 'https://images.unsplash.com/photo-1540660290370-8af90a454417?w=800', '/ScenicSpots/Details?id=12', 3600, 0, 88, NOW(), '2099-12-31'),
('深圳科技，城市之光', 'https://images.unsplash.com/photo-1523301343968-6a6ebf63c672?w=800', '/Places/Details?id=9', 2800, 0, 87, NOW(), '2099-12-31'),
('趵突泉涌，天下第一', 'https://images.unsplash.com/photo-1519708227418-c8fd9a32b7a2?w=800', '/ScenicSpots/Details?id=17', 5500, 0, 86, NOW(), '2099-12-31'),
('阳澄湖蟹，秋日必吃', 'https://images.unsplash.com/photo-1525640788966-69bdb028aa73?w=800', '/Foods/Details?id=11', 9200, 0, 85, NOW(), '2099-12-31'),
('德州扒鸡，五香脱骨', 'https://images.unsplash.com/photo-1544391682-178c6a583bbd?w=800', '/Foods/Details?id=7', 4800, 0, 84, NOW(), '2099-12-31'),
('大明湖畔，荷花盛开', 'https://images.unsplash.com/photo-1519708227418-c8fd9a32b7a2?w=800', '/ScenicSpots/Details?id=5', 2100, 0, 83, NOW(), '2099-12-31'),
('文创精选，非遗传承', 'https://images.unsplash.com/photo-1540660290370-8af90a454417?w=800', '/CreativeProducts', 1200, 0, 82, NOW(), '2099-12-31'),
('最新资讯，文旅动态', 'https://images.unsplash.com/photo-1508804185872-d7badad00f7d?w=800', '/News', 800, 0, 81, NOW(), '2099-12-31');

-- ============================================================
-- 完成
-- ============================================================
SELECT '✅ 数据初始化完成！' AS 结果;
SELECT '热词' AS 表名, COUNT(*) AS 数量 FROM tp_hot_words
UNION ALL SELECT '地理', COUNT(*) FROM tp_geo
UNION ALL SELECT '交通', COUNT(*) FROM tp_transports
UNION ALL SELECT '打卡地', COUNT(*) FROM tp_scenic_spots
UNION ALL SELECT '纪行攻略', COUNT(*) FROM tp_travelogues
UNION ALL SELECT '行业资讯', COUNT(*) FROM tp_news
UNION ALL SELECT '特产美食', COUNT(*) FROM tp_foods
UNION ALL SELECT '文创商品', COUNT(*) FROM tp_creative_products
UNION ALL SELECT '首页推荐', COUNT(*) FROM tp_recommendations;

